{"nodes":{"node:1":{"location":{"x":10,"y":10}},"node:6":{"location":{"x":257,"y":19}}},"selection":null,"view":{"scroll":{"x":-154.228164672851562,"y":-175.383010864257812},"zoom":1.49999988079071045}}