{"nodes":{"node:1":{"location":{"x":10,"y":10}},"node:4":{"location":{"x":177,"y":-27}}},"selection":null,"view":{"scroll":{"x":-52.4006423950195312,"y":-157.707122802734375},"zoom":1.5}}