{"nodes":{"node:1":{"location":{"x":166,"y":179}}},"selection":null,"view":{"scroll":{"x":144.000091552734375,"y":127.50250244140625},"zoom":1.5}}