{"nodes":{"node:1":{"location":{"x":-9,"y":-28}},"node:4":{"location":{"x":161,"y":-11}}},"selection":null,"view":{"scroll":{"x":-52.4006423950195312,"y":-157.707122802734375},"zoom":1.5}}